{
    "accuracy": 0.7827908789709608,
    "weighted_f1": 0.7834490637470268,
    "classification_report": {
        "0": {
            "precision": 0.7355734112490869,
            "recall": 0.8872246696035242,
            "f1-score": 0.8043130990415336,
            "support": 1135.0
        },
        "1": {
            "precision": 0.8938304631332553,
            "recall": 0.8388514043621529,
            "f1-score": 0.8654686741136474,
            "support": 6373.0
        },
        "2": {
            "precision": 0.44556451612903225,
            "recall": 0.431640625,
            "f1-score": 0.4384920634920635,
            "support": 1536.0
        },
        "3": {
            "precision": 0.714185393258427,
            "recall": 0.8349753694581281,
            "f1-score": 0.7698713096139288,
            "support": 1218.0
        },
        "accuracy": 0.7827908789709608,
        "macro avg": {
            "precision": 0.6972884459424504,
            "recall": 0.7481730171059513,
            "f1-score": 0.7195362865652933,
            "support": 10262.0
        },
        "weighted avg": {
            "precision": 0.7879090108242942,
            "recall": 0.7827908789709608,
            "f1-score": 0.7834490637470268,
            "support": 10262.0
        }
    }
}